customer_id,customer_name,city,age,gender,skin_type,is_premium_member,signup_date
CUST0001,Forum Rana,Bangalore,41,Female,Oily,No,04-08-2025
CUST0002,Charvi Pau,Lucknow,19,Male,Dry,Yes,23-05-2025
CUST0003,Anjali Chadha,Delhi,31,Female,Normal,Yes,15-12-2024
CUST0004,Kavya Chana,Pune,53,Male,Sensitive,No,19-04-2025
CUST0005,Diya Kapoor,Pune,18,Female,Dry,Yes,13-07-2025
CUST0006,Sneha Bawa,Delhi,52,Female,Dry,Yes,16-07-2026
CUST0007,Ekani Mann,Pune,39,Female,Oily,No,30-11-2024
CUST0008,Nikita Golla,Ahmedabad,50,Female,Combination,No,29-12-2023
CUST0009,Quincy Chatterjee,Chennai,35,Female,Dry,No,16-04-2025
CUST0010,Bhanumati Jha,Lucknow,35,Female,Combination,No,20-02-2025
CUST0011,Nirja Shroff,Delhi,23,Female,Dry,No,26-05-2025
CUST0012,Radhika Mistry,Ahmedabad,42,Female,Oily,No,01-06-2024
CUST0013,Keya Bumb,Chennai,37,Female,Sensitive,No,14-05-2025
CUST0014,Pavani Sen,Delhi,21,Male,Normal,No,13-07-2024
CUST0015,Dhriti Vala,Hyderabad,52,Male,Normal,Yes,29-11-2024
CUST0016,Forum Suresh,Chennai,17,Male,Combination,Yes,03-12-2024
CUST0017,Nirja Oak,Mumbai,29,Female,Dry,No,20-09-2025
CUST0018,Vasatika Biswas,Ahmedabad,21,Female,Normal,No,21-02-2026
CUST0019,Warjas Bhattacharyya,Kolkata,51,Female,Normal,No,14-11-2023
CUST0020,Vansha Mane,Kolkata,30,Female,Dry,Yes,13-10-2025
CUST0021,Alka Shenoy,Mumbai,47,Female,Dry,Yes,23-09-2024
CUST0022,Xiti Bhargava,Kolkata,50,Female,Sensitive,No,30-04-2024
CUST0023,Eiravati Kota,Jaipur,55,Female,Oily,No,07-11-2024
CUST0024,Banjeet Ganesan,Jaipur,41,Female,Normal,Yes,01-01-2025
CUST0025,Ekantika Sani,Mumbai,28,Female,Dry,No,19-03-2026
CUST0026,Triya Parmer,Lucknow,19,Female,Sensitive,Yes,07-09-2025
CUST0027,Kala Dora,Chennai,55,Female,Dry,No,08-12-2023
CUST0028,Kala Kaul,Hyderabad,38,Female,Normal,Yes,23-09-2023
CUST0029,Lekha Manda,Ahmedabad,46,Female,Oily,Yes,15-09-2023
CUST0030,Reva Nagar,Hyderabad,46,Female,Dry,No,22-06-2026
CUST0031,Vasatika Ramanathan,Jaipur,39,Female,Sensitive,No,07-11-2024
CUST0032,Damini Subramaniam,Hyderabad,21,Female,Combination,No,17-07-2025
CUST0033,Girish Bhavsar,Chennai,30,Female,Sensitive,No,25-07-2026
CUST0034,Gautami Choudhary,Pune,31,Female,Dry,Yes,07-09-2024
CUST0035,Dalaja Acharya,Mumbai,17,Female,Normal,Yes,06-05-2025
CUST0036,Rajata Bal,Chennai,44,Female,Combination,No,24-11-2023
CUST0037,Riya Dixit,Pune,22,Female,Dry,No,17-07-2025
CUST0038,Rajata Som,Lucknow,16,Female,Combination,No,19-01-2024
CUST0039,Vidhi Srinivasan,Delhi,40,Female,Dry,No,07-02-2025
CUST0040,Eshana Chaudry,Chennai,21,Female,Normal,No,17-11-2025
CUST0041,Wakeeta Edwin,Delhi,26,Female,Dry,Yes,13-03-2025
CUST0042,Zarna Pathak,Ahmedabad,25,Female,Sensitive,No,14-02-2024
CUST0043,Zarna Misra,Chennai,25,Female,Dry,Yes,19-07-2026
CUST0044,Leena Vasa,Delhi,49,Female,Dry,No,05-10-2024
CUST0045,Pranav Kapoor,Pune,17,Female,Combination,No,31-03-2025
CUST0046,Jasmit Hayer,Chennai,32,Female,Dry,Yes,16-01-2026
CUST0047,Jhalak Iyengar,Ahmedabad,53,Female,Sensitive,No,15-03-2025
CUST0048,Akshay Bala,Jaipur,24,Female,Sensitive,No,30-12-2025
CUST0049,Kai Hari,Bangalore,54,Female,Dry,Yes,17-09-2025
CUST0050,Vansha Palla,Delhi,51,Female,Sensitive,No,24-06-2026
CUST0051,Chaitaly Kannan,Delhi,51,Female,Dry,Yes,28-12-2023
CUST0052,Indira Nazareth,Jaipur,44,Female,Oily,No,15-04-2024
CUST0053,Wakeeta Padmanabhan,Jaipur,54,Female,Combination,No,09-01-2026
CUST0054,Dipta Rama,Ahmedabad,48,Male,Sensitive,No,22-12-2025
CUST0055,William Gokhale,Hyderabad,51,Male,Dry,No,16-12-2024
CUST0056,Chameli Randhawa,Delhi,41,Female,Oily,No,16-01-2025
CUST0057,Gauri Garde,Pune,35,Female,Dry,No,03-08-2026
CUST0058,Forum Shroff,Chennai,25,Female,Dry,No,16-01-2026
CUST0059,Vritti Palla,Delhi,41,Male,Dry,No,24-02-2024
CUST0060,Aishani Atwal,Bangalore,43,Male,Normal,No,09-01-2026
CUST0061,Zansi Dewan,Chennai,21,Female,Oily,No,16-12-2024
CUST0062,Jagvi Bala,Mumbai,40,Female,Sensitive,Yes,05-06-2024
CUST0063,Zashil Khosla,Delhi,30,Male,Oily,Yes,02-12-2025
CUST0064,Leela Saini,Bangalore,33,Female,Normal,No,15-02-2026
CUST0065,Raagini Shanker,Hyderabad,41,Female,Sensitive,No,16-08-2025
CUST0066,Yamini De,Delhi,33,Female,Dry,No,30-03-2025
CUST0067,Urvi Goswami,Mumbai,21,Female,Oily,No,20-06-2025
CUST0068,Harini Dhaliwal,Hyderabad,23,Female,Combination,No,27-01-2025
CUST0069,Bhavani Nanda,Hyderabad,55,Female,Sensitive,No,06-09-2025
CUST0070,Chatresh Bhandari,Bangalore,32,Female,Dry,No,01-06-2024
CUST0071,Anvi Chaudhari,Jaipur,29,Female,Sensitive,No,04-03-2025
CUST0072,Bhavika Savant,Mumbai,32,Female,Oily,No,22-08-2024
CUST0073,Manya Sethi,Pune,48,Female,Normal,Yes,05-03-2025
CUST0074,Yashica Kota,Kolkata,47,Female,Normal,No,24-09-2025
CUST0075,Isha Sem,Pune,30,Female,Dry,No,04-02-2024
CUST0076,Shivani Sathe,Mumbai,24,Female,Combination,No,12-08-2024
CUST0077,Upadhriti Bora,Kolkata,48,Female,Combination,No,24-04-2024
CUST0078,Divya Dubey,Mumbai,45,Female,Combination,No,07-06-2026
CUST0079,Eshana Kulkarni,Chennai,51,Female,Oily,No,08-04-2026
CUST0080,Januja Chandra,Chennai,27,Female,Normal,Yes,08-11-2024
CUST0081,Gautami Kapur,Pune,31,Female,Oily,Yes,29-02-2024
CUST0082,Yasti Raval,Bangalore,41,Female,Normal,Yes,06-09-2024
CUST0083,Rachana Nagar,Pune,21,Female,Sensitive,No,18-12-2023
CUST0084,Adya Nigam,Lucknow,40,Female,Normal,Yes,23-04-2025
CUST0085,Adya Rajagopalan,Bangalore,18,Female,Sensitive,No,29-08-2024
CUST0086,Yashvi Bhatt,Jaipur,24,Male,Sensitive,No,09-01-2024
CUST0087,Damini Chad,Mumbai,53,Female,Dry,Yes,19-06-2024
CUST0088,Hemangini Madan,Chennai,22,Female,Normal,No,23-11-2025
CUST0089,Leela Ravi,Jaipur,31,Female,Oily,No,17-02-2024
CUST0090,Omisha Chakraborty,Jaipur,50,Female,Sensitive,Yes,04-07-2024
CUST0091,Unnati Bora,Hyderabad,20,Female,Dry,No,23-06-2024
CUST0092,Chanchal Lad,Ahmedabad,47,Female,Oily,No,09-12-2023
CUST0093,Bhavna Lalla,Mumbai,55,Female,Dry,Yes,17-03-2026
CUST0094,Aashi Nori,Hyderabad,35,Female,Dry,Yes,04-08-2026
CUST0095,Lipika Dayal,Hyderabad,22,Female,Normal,Yes,27-10-2023
CUST0096,Dayamai Edwin,Ahmedabad,45,Female,Oily,No,15-06-2024
CUST0097,Isha Muni,Hyderabad,21,Male,Oily,Yes,11-07-2025
CUST0098,Mohini Sehgal,Jaipur,44,Male,Normal,Yes,24-02-2025
CUST0099,Krishna Palan,Pune,20,Female,Dry,No,13-01-2026
CUST0100,Anita Aurora,Chennai,24,Female,Sensitive,Yes,30-09-2023
CUST0101,Yasti Soman,Chennai,30,Female,Normal,No,29-05-2024
CUST0102,Damyanti Sankaran,Ahmedabad,44,Female,Dry,No,10-08-2025
CUST0103,Yashica Morar,Delhi,37,Female,Combination,No,12-09-2025
CUST0104,Pavani Issac,Pune,16,Male,Combination,Yes,13-02-2026
CUST0105,Tanmayi Palan,Kolkata,53,Female,Normal,No,22-07-2026
CUST0106,Abhimanyu Bobal,Hyderabad,22,Female,Combination,No,08-07-2025
CUST0107,Upasna Gade,Hyderabad,43,Female,Dry,No,09-11-2023
CUST0108,Yashica Manda,Kolkata,17,Female,Normal,No,09-06-2025
CUST0109,Arin Sharaf,Jaipur,29,Female,Oily,No,26-03-2024
CUST0110,Vansha Aggarwal,Lucknow,24,Female,Combination,No,17-06-2024
CUST0111,Neel Konda,Jaipur,24,Female,Normal,No,17-10-2023
CUST0112,Janani Parikh,Hyderabad,41,Female,Combination,No,23-03-2024
CUST0113,Sai Chacko,Delhi,26,Female,Oily,Yes,28-01-2025
CUST0114,Jeet Thaman,Ahmedabad,51,Female,Combination,No,15-12-2025
CUST0115,Libni Chakraborty,Bangalore,51,Female,Oily,Yes,11-02-2024
CUST0116,Shravya Bajaj,Chennai,31,Female,Sensitive,Yes,26-07-2024
CUST0117,Chaman Wadhwa,Kolkata,40,Female,Sensitive,Yes,07-03-2026
CUST0118,Saumya Nanda,Mumbai,47,Female,Combination,Yes,17-10-2025
CUST0119,Falguni Mander,Pune,21,Female,Dry,No,21-10-2025
CUST0120,Anya Varghese,Kolkata,35,Female,Oily,Yes,10-07-2025
CUST0121,Zaitra Thaman,Ahmedabad,53,Female,Oily,No,08-05-2025
CUST0122,Ishwar Chada,Jaipur,45,Male,Dry,No,14-10-2023
CUST0123,Radha Cheema,Bangalore,49,Male,Oily,No,16-10-2024
CUST0124,Arya Bahl,Ahmedabad,21,Female,Oily,Yes,08-07-2025
CUST0125,Wishi Lalla,Lucknow,18,Female,Combination,No,14-09-2023
CUST0126,Yashasvi Wason,Jaipur,43,Female,Oily,Yes,17-12-2023
CUST0127,Vritti Krishnan,Lucknow,28,Female,Dry,No,19-01-2026
CUST0128,Kamya Jha,Jaipur,35,Male,Combination,No,13-05-2024
CUST0129,Xiti Raja,Pune,46,Female,Sensitive,Yes,01-12-2023
CUST0130,Arin Issac,Hyderabad,19,Female,Normal,No,02-12-2023
CUST0131,Oni Kumar,Delhi,32,Female,Normal,No,04-08-2025
CUST0132,Ekani Arora,Mumbai,37,Female,Combination,No,05-02-2025
CUST0133,Lipika Chaudhary,Hyderabad,48,Female,Normal,No,17-09-2025
CUST0134,Mohini Varty,Pune,30,Female,Combination,No,11-07-2024
CUST0135,Vidhi Dani,Lucknow,47,Female,Dry,No,03-08-2026
CUST0136,Nachiket Chada,Mumbai,54,Female,Normal,Yes,04-06-2026
CUST0137,Mohini Shanker,Lucknow,25,Female,Oily,Yes,01-12-2023
CUST0138,Lipika Ram,Chennai,23,Male,Dry,No,21-04-2024
CUST0139,Bishakha Chana,Jaipur,45,Female,Normal,No,08-02-2024
CUST0140,Pranit Deo,Ahmedabad,26,Female,Oily,Yes,14-06-2025
CUST0141,Dayita Patla,Delhi,51,Male,Dry,No,14-05-2024
CUST0142,Shravya Bakshi,Hyderabad,43,Female,Normal,Yes,27-02-2024
CUST0143,Varenya Ravi,Ahmedabad,28,Female,Normal,Yes,28-07-2024
CUST0144,Turvi Padmanabhan,Kolkata,18,Female,Normal,Yes,15-10-2024
CUST0145,Noah Agarwal,Hyderabad,28,Female,Sensitive,No,21-08-2024
CUST0146,Sneha Dar,Lucknow,18,Female,Combination,No,07-06-2026
CUST0147,Abha Mann,Lucknow,20,Female,Dry,Yes,06-06-2024
CUST0148,Shravya Ramakrishnan,Ahmedabad,40,Female,Normal,No,09-08-2026
CUST0149,Radha Sangha,Ahmedabad,27,Female,Combination,No,23-11-2025
CUST0150,Meera Chaudry,Lucknow,31,Female,Combination,No,04-11-2023
CUST0151,Falguni Krish,Lucknow,21,Female,Normal,No,11-07-2026
CUST0152,Yashodhara Mutti,Delhi,18,Female,Sensitive,No,31-03-2024
CUST0153,Tanish Balakrishnan,Delhi,20,Female,Oily,Yes,22-01-2026
CUST0154,Ishani Buch,Ahmedabad,27,Female,Normal,No,02-11-2023
CUST0155,Umang Devi,Pune,50,Female,Oily,No,28-07-2025
CUST0156,Watika Bawa,Hyderabad,52,Female,Combination,No,09-05-2026
CUST0157,Harinakshi Sodhi,Pune,27,Female,Dry,Yes,25-11-2024
CUST0158,Manthan Kumer,Pune,36,Female,Combination,No,06-11-2025
CUST0159,Tanmayi Khare,Pune,22,Female,Oily,Yes,27-07-2024
CUST0160,Dipta Ganesh,Pune,44,Male,Oily,No,27-07-2025
CUST0161,Ishita Tella,Mumbai,28,Female,Sensitive,Yes,02-05-2026
CUST0162,Januja Sethi,Jaipur,27,Female,Combination,No,03-05-2026
CUST0163,Unni Dewan,Mumbai,22,Female,Sensitive,No,16-04-2025
CUST0164,Chandani Ghosh,Chennai,25,Female,Combination,Yes,09-09-2024
CUST0165,Odika Khare,Pune,16,Female,Normal,No,07-10-2024
CUST0166,Aishani Sachar,Hyderabad,20,Female,Normal,No,22-10-2024
CUST0167,Riya Madan,Delhi,41,Female,Dry,No,05-09-2024
CUST0168,Yahvi Mall,Bangalore,41,Female,Normal,No,14-05-2025
CUST0169,Edhitha Thakur,Kolkata,19,Female,Sensitive,No,27-03-2025
CUST0170,Charita Madan,Mumbai,39,Female,Normal,No,23-04-2026
CUST0171,Sudiksha Sehgal,Mumbai,43,Male,Normal,Yes,13-12-2024
CUST0172,Alka Datta,Lucknow,39,Female,Dry,Yes,15-10-2023
CUST0173,Wishi Acharya,Bangalore,41,Female,Sensitive,No,27-11-2023
CUST0174,Vanya Kothari,Bangalore,25,Female,Dry,No,23-12-2025
CUST0175,Faras Doshi,Delhi,40,Female,Dry,No,20-03-2025
CUST0176,Vasudha Chada,Mumbai,46,Female,Sensitive,No,20-04-2025
CUST0177,Aachal Dass,Lucknow,26,Female,Dry,No,15-05-2024
CUST0178,Nidra Dave,Pune,46,Female,Dry,Yes,09-07-2025
CUST0179,Daksh Chaudhary,Bangalore,40,Female,Dry,Yes,24-11-2023
CUST0180,Sara Lal,Pune,18,Male,Oily,No,06-05-2024
CUST0181,Aashi Yogi,Kolkata,54,Female,Combination,No,28-07-2024
CUST0182,Maya Mutti,Pune,43,Female,Combination,No,28-07-2025
CUST0183,Vyanjana Vora,Mumbai,16,Female,Normal,No,18-05-2024
CUST0184,Amrita Sabharwal,Lucknow,45,Female,Normal,No,30-09-2025
CUST0185,Baghyawati Bains,Chennai,43,Female,Normal,No,04-04-2024
CUST0186,Chaitaly Kurian,Mumbai,24,Female,Combination,No,10-05-2024
CUST0187,Reva Karan,Mumbai,48,Male,Dry,Yes,16-02-2025
CUST0188,Ucchal Patil,Lucknow,23,Female,Normal,Yes,06-09-2025
CUST0189,Aarini Master,Bangalore,30,Female,Combination,No,06-11-2025
CUST0190,Ishanvi Tandon,Chennai,55,Female,Normal,Yes,09-07-2026
CUST0191,Indali Kashyap,Ahmedabad,29,Female,Sensitive,No,18-01-2025
CUST0192,Neelima Chopra,Mumbai,28,Female,Dry,No,20-06-2026
CUST0193,Idika Kapoor,Chennai,40,Female,Combination,Yes,08-02-2025
CUST0194,Eta Ramaswamy,Chennai,44,Female,Sensitive,No,07-11-2023
CUST0195,Ekavir Sagar,Hyderabad,50,Female,Normal,No,05-11-2023
CUST0196,Hiral Ramaswamy,Kolkata,39,Female,Combination,No,01-01-2025
CUST0197,Dayita Buch,Pune,27,Female,Oily,Yes,30-05-2026
CUST0198,Ikshita Goyal,Hyderabad,53,Male,Combination,No,05-08-2025
CUST0199,Anamika Muni,Pune,25,Female,Normal,No,18-08-2025
CUST0200,Ridhi Narula,Mumbai,24,Female,Sensitive,No,25-12-2024
CUST0201,Aadhya Brar,Mumbai,52,Female,Oily,No,04-07-2024
CUST0202,Ucchal Dasgupta,Kolkata,53,Female,Dry,Yes,30-04-2025
CUST0203,Sachi Parikh,Ahmedabad,26,Female,Dry,No,07-12-2025
CUST0204,Upma Chahal,Delhi,25,Male,Combination,No,02-11-2023
CUST0205,Indira Pradhan,Mumbai,19,Female,Sensitive,No,09-04-2025
CUST0206,Inaya Naik,Lucknow,44,Female,Sensitive,No,02-10-2024
CUST0207,Amruta Roy,Mumbai,18,Female,Oily,No,01-06-2024
CUST0208,Anusha Prashad,Mumbai,22,Female,Sensitive,No,18-10-2023
CUST0209,Bhavani Kurian,Kolkata,28,Female,Sensitive,No,05-04-2024
CUST0210,Pallavi Patil,Lucknow,27,Female,Oily,No,27-06-2024
CUST0211,Lekha Nadig,Ahmedabad,50,Female,Normal,No,22-05-2026
CUST0212,Aadhya Bhattacharyya,Ahmedabad,27,Female,Oily,Yes,06-10-2023
CUST0213,Damyanti Soman,Delhi,37,Male,Combination,No,12-10-2025
CUST0214,Sanya Krishnamurthy,Jaipur,43,Female,Sensitive,No,10-05-2026
CUST0215,Ekaja Taneja,Pune,21,Male,Oily,Yes,23-03-2024
CUST0216,Faqid Keer,Pune,26,Female,Combination,Yes,25-08-2024
CUST0217,Veda Pathak,Lucknow,31,Female,Sensitive,No,23-12-2025
CUST0218,Yashvi Hora,Mumbai,17,Female,Dry,No,01-11-2024
CUST0219,Krishna Reddy,Pune,41,Female,Oily,No,18-11-2023
CUST0220,Warda Nanda,Mumbai,17,Female,Sensitive,No,29-02-2024
CUST0221,Damini Bora,Bangalore,17,Female,Dry,No,19-06-2024
CUST0222,Ishita Char,Delhi,18,Female,Sensitive,No,02-12-2024
CUST0223,Harini Kaur,Jaipur,20,Male,Normal,Yes,30-01-2024
CUST0224,Kamya Yohannan,Delhi,18,Female,Oily,No,01-03-2026
CUST0225,Nandini Memon,Hyderabad,46,Female,Oily,No,04-07-2024
CUST0226,Ria Kumar,Hyderabad,36,Female,Combination,Yes,05-11-2025
CUST0227,Urvashi Kota,Hyderabad,19,Female,Combination,No,26-03-2024
CUST0228,Ganga Manda,Lucknow,48,Female,Combination,No,09-04-2026
CUST0229,Omisha Bhattacharyya,Kolkata,17,Female,Oily,No,05-11-2024
CUST0230,Yashica Vora,Jaipur,52,Female,Oily,No,14-05-2024
CUST0231,Vedika Bansal,Kolkata,16,Female,Combination,No,28-12-2023
CUST0232,Jack Sen,Mumbai,38,Female,Normal,No,11-05-2026
CUST0233,Nandini Kaul,Ahmedabad,53,Female,Sensitive,Yes,15-01-2024
CUST0234,Gunbir Borde,Hyderabad,29,Male,Dry,No,11-10-2024
CUST0235,Vanya Lad,Delhi,47,Female,Sensitive,No,14-12-2025
CUST0236,Damyanti Palla,Chennai,22,Female,Normal,No,29-04-2024
CUST0237,Panini Dhaliwal,Kolkata,17,Female,Combination,Yes,28-10-2023
CUST0238,Anirudh Jani,Jaipur,26,Female,Dry,No,25-01-2026
CUST0239,Tara Prabhu,Lucknow,54,Female,Combination,No,26-03-2024
CUST0240,Brinda Jani,Ahmedabad,51,Female,Dry,No,14-10-2023
CUST0241,Warhi Bhatnagar,Hyderabad,53,Female,Combination,No,18-11-2024
CUST0242,Faras Walla,Pune,48,Female,Combination,No,17-12-2023
CUST0243,Sneha Madan,Lucknow,25,Female,Dry,No,20-11-2024
CUST0244,Nikita Sahni,Chennai,26,Female,Dry,Yes,22-06-2026
CUST0245,Pranav Sachdeva,Delhi,26,Male,Oily,Yes,27-11-2024
CUST0246,Indira Raman,Bangalore,35,Female,Normal,Yes,25-10-2025
CUST0247,Aarini Saraf,Delhi,33,Female,Normal,No,28-04-2026
CUST0248,Deepa Chana,Kolkata,30,Female,Combination,No,16-11-2024
CUST0249,Veda Gaba,Lucknow,41,Female,Dry,No,27-01-2024
CUST0250,Ekta Ranganathan,Lucknow,53,Female,Normal,No,14-12-2023
CUST0251,Yashawini Garg,Lucknow,30,Female,Oily,No,13-02-2024
CUST0252,Gaurika Verma,Delhi,42,Female,Normal,No,11-03-2024
CUST0253,Darika Rajagopal,Hyderabad,43,Female,Oily,No,14-02-2025
CUST0254,Nidhi Date,Bangalore,36,Female,Normal,No,18-02-2026
CUST0255,Wyatt Murty,Delhi,18,Female,Dry,Yes,06-11-2023
CUST0256,Chameli Dyal,Pune,49,Female,Sensitive,No,23-07-2025
CUST0257,Tanmayi Hayre,Ahmedabad,48,Female,Combination,No,10-02-2026
CUST0258,Janani Barman,Ahmedabad,29,Male,Dry,No,09-11-2024
CUST0259,Sanaya Parmer,Delhi,55,Female,Oily,Yes,20-01-2024
CUST0260,Inaya Barman,Mumbai,16,Female,Normal,No,09-04-2026
CUST0261,Ojasvi Dalal,Lucknow,32,Female,Combination,No,30-10-2024
CUST0262,Michael Salvi,Jaipur,30,Male,Normal,No,04-08-2024
CUST0263,Unnati Ramachandran,Delhi,28,Female,Sensitive,No,12-08-2025
CUST0264,Yashasvi Sarma,Bangalore,38,Female,Normal,No,19-03-2024
CUST0265,Wishi Shroff,Jaipur,24,Female,Normal,No,18-05-2024
CUST0266,Gaurav Solanki,Hyderabad,40,Female,Normal,No,10-11-2024
CUST0267,Eesha Parmer,Hyderabad,38,Female,Combination,No,12-12-2024
CUST0268,Vaishnavi Thaman,Lucknow,21,Female,Combination,Yes,07-03-2025
CUST0269,Anusha De,Kolkata,19,Female,Sensitive,No,07-12-2023
CUST0270,Yashodhara Buch,Bangalore,49,Female,Sensitive,Yes,07-11-2023
CUST0271,Ekanta Bal,Delhi,34,Female,Oily,No,11-03-2026
CUST0272,Gunbir Deep,Bangalore,44,Female,Dry,Yes,22-07-2026
CUST0273,Mitali Gandhi,Jaipur,26,Female,Sensitive,No,10-09-2025
CUST0274,Bhavini Panchal,Jaipur,35,Female,Dry,No,22-06-2025
CUST0275,Gauri Naik,Ahmedabad,23,Female,Combination,No,22-04-2026
CUST0276,Vasatika Dhawan,Ahmedabad,47,Female,Normal,No,07-06-2024
CUST0277,Ishita Lall,Ahmedabad,31,Female,Sensitive,No,27-06-2025
CUST0278,Odika Pradhan,Bangalore,36,Female,Sensitive,No,20-10-2023
CUST0279,Tamanna Edwin,Ahmedabad,39,Female,Oily,Yes,19-07-2025
CUST0280,Omisha Puri,Mumbai,17,Female,Combination,No,08-03-2024
CUST0281,Deepa Wali,Ahmedabad,47,Female,Dry,Yes,01-11-2023
CUST0282,Varsha Verma,Bangalore,37,Female,Combination,No,20-05-2025
CUST0283,Lajita Wason,Jaipur,29,Female,Combination,No,12-07-2025
CUST0284,Ria Lanka,Hyderabad,34,Female,Normal,No,15-10-2024
CUST0285,Eta Parsa,Hyderabad,48,Female,Dry,No,28-08-2024
CUST0286,Vaishnavi Karpe,Chennai,28,Female,Combination,Yes,17-03-2024
CUST0287,Manbir Varty,Delhi,18,Female,Sensitive,No,07-06-2024
CUST0288,Aachal Bandi,Mumbai,41,Female,Oily,Yes,04-05-2024
CUST0289,Upma Sahni,Ahmedabad,54,Female,Oily,No,10-03-2025
CUST0290,Dominic Suresh,Lucknow,40,Female,Sensitive,No,10-05-2024
CUST0291,Alka Bhagat,Mumbai,45,Female,Dry,Yes,13-09-2023
CUST0292,Nidra Cherian,Mumbai,42,Female,Oily,No,21-03-2025
CUST0293,Triveni Mitra,Hyderabad,51,Female,Combination,Yes,30-05-2025
CUST0294,Rajeshri Soman,Mumbai,43,Female,Sensitive,No,26-02-2024
CUST0295,Keya Dixit,Lucknow,49,Female,Oily,No,03-01-2025
CUST0296,Eta Madan,Kolkata,44,Female,Normal,No,12-11-2024
CUST0297,Abdul Bhalla,Bangalore,46,Female,Sensitive,Yes,28-07-2025
CUST0298,Vamakshi Vasa,Pune,25,Female,Normal,Yes,31-10-2025
CUST0299,Gayathri Acharya,Delhi,21,Female,Oily,Yes,27-10-2023
CUST0300,Tanmayi Grewal,Lucknow,31,Female,Dry,No,21-05-2024
CUST0301,Damini Arora,Bangalore,21,Female,Sensitive,No,24-06-2025
CUST0302,Ekta Sachdev,Hyderabad,19,Female,Oily,Yes,10-04-2024
CUST0303,Gagan Trivedi,Lucknow,21,Female,Combination,No,05-08-2024
CUST0304,Arunima Sridhar,Ahmedabad,54,Female,Combination,No,11-10-2025
CUST0305,Riya Sarkar,Ahmedabad,26,Female,Oily,No,12-11-2025
CUST0306,Chaitaly Sethi,Kolkata,46,Female,Normal,No,15-03-2024
CUST0307,Leena Kata,Lucknow,37,Female,Oily,No,27-07-2025
CUST0308,Oviya Lall,Lucknow,37,Male,Oily,No,07-10-2025
CUST0309,Urmi Virk,Hyderabad,53,Female,Dry,No,12-07-2026
CUST0310,Janani Chada,Lucknow,30,Female,Combination,No,05-04-2026
CUST0311,Hamsini Lad,Hyderabad,43,Female,Oily,Yes,01-05-2026
CUST0312,Gauri Narain,Lucknow,25,Female,Sensitive,No,02-04-2024
CUST0313,Nitesh Khare,Chennai,50,Female,Sensitive,No,19-10-2024
CUST0314,Vrishti Wali,Pune,35,Female,Normal,No,22-09-2025
CUST0315,Urmi Kaur,Hyderabad,53,Female,Normal,No,10-05-2025
CUST0316,Jagvi Raman,Chennai,20,Female,Sensitive,No,05-07-2025
CUST0317,Harinakshi Dhillon,Jaipur,36,Female,Sensitive,Yes,16-10-2023
CUST0318,Damyanti Edwin,Delhi,27,Female,Combination,No,12-09-2024
CUST0319,Amrita Balasubramanian,Kolkata,49,Male,Dry,Yes,25-10-2023
CUST0320,Bahadurjit Batra,Chennai,22,Female,Normal,No,20-11-2023
CUST0321,Irya Walla,Lucknow,17,Female,Sensitive,No,17-04-2026
CUST0322,Sanaya Chhabra,Pune,52,Female,Sensitive,Yes,30-05-2024
CUST0323,Daksh Bandi,Hyderabad,43,Female,Normal,No,17-10-2023
CUST0324,Mitali Sood,Bangalore,32,Female,Combination,Yes,26-12-2023
CUST0325,Ishani Menon,Delhi,17,Female,Sensitive,No,15-08-2024
CUST0326,Leena Bail,Ahmedabad,20,Male,Normal,No,18-09-2024
CUST0327,Arunima Pillai,Delhi,32,Female,Dry,No,07-05-2026
CUST0328,Maanas Balasubramanian,Jaipur,41,Female,Dry,No,29-12-2025
CUST0329,Urmi Venkataraman,Pune,27,Female,Combination,No,12-12-2025
CUST0330,Vrinda Bava,Jaipur,17,Female,Oily,Yes,05-04-2025
CUST0331,Chandani Mani,Ahmedabad,19,Female,Combination,No,10-03-2024
CUST0332,Harrison Mani,Hyderabad,53,Female,Oily,No,30-11-2025
CUST0333,Aahana Pall,Kolkata,23,Female,Normal,Yes,14-02-2025
CUST0334,Hiral Talwar,Bangalore,16,Female,Dry,No,03-06-2025
CUST0335,Gauri Mander,Pune,20,Male,Combination,No,26-01-2026
CUST0336,Yahvi Gandhi,Ahmedabad,22,Male,Normal,No,06-01-2024
CUST0337,Xalak Cheema,Ahmedabad,37,Female,Dry,No,10-07-2025
CUST0338,Charvi Rattan,Bangalore,37,Female,Oily,Yes,26-05-2026
CUST0339,Udyati Bakshi,Bangalore,44,Male,Combination,No,11-10-2024
CUST0340,Lekha Sangha,Mumbai,33,Female,Combination,No,27-04-2026
CUST0341,Sachi Kaur,Ahmedabad,22,Female,Normal,Yes,12-06-2026
CUST0342,Anay Pall,Mumbai,29,Female,Combination,Yes,22-05-2025
CUST0343,Varenya Naik,Chennai,43,Male,Dry,No,09-03-2024
CUST0344,Lavanya Kashyap,Hyderabad,42,Male,Oily,No,23-01-2024
CUST0345,Jagat Tripathi,Bangalore,17,Female,Sensitive,No,02-04-2024
CUST0346,Garima Dugal,Mumbai,49,Female,Combination,No,15-07-2026
CUST0347,Owen Dyal,Pune,33,Female,Dry,No,19-05-2024
CUST0348,Leela Chaudry,Pune,27,Female,Oily,No,04-03-2024
CUST0349,Guneet Rajagopalan,Ahmedabad,33,Female,Dry,No,18-02-2024
CUST0350,Nidhi Mishra,Pune,53,Female,Oily,Yes,17-12-2024
CUST0351,Darika Chhabra,Kolkata,19,Female,Combination,No,06-07-2024
CUST0352,Vedika Bandi,Ahmedabad,21,Female,Normal,Yes,24-09-2023
CUST0353,Janya Tella,Pune,27,Female,Combination,Yes,21-07-2026
CUST0354,Vedika Bains,Lucknow,54,Male,Combination,No,09-02-2024
CUST0355,Aahana Kibe,Jaipur,20,Female,Dry,No,05-05-2026
CUST0356,Shivansh Karnik,Chennai,40,Female,Oily,Yes,22-08-2025
CUST0357,Hemangini Dash,Ahmedabad,44,Female,Sensitive,No,06-01-2025
CUST0358,Leena Chaudhari,Pune,21,Female,Dry,Yes,20-04-2026
CUST0359,Sudiksha Dugar,Jaipur,17,Female,Dry,Yes,03-06-2024
CUST0360,Warhi Shah,Lucknow,45,Female,Normal,Yes,01-10-2023
CUST0361,Gavin Narang,Bangalore,18,Female,Normal,No,17-12-2025
CUST0362,Wishi Cherian,Hyderabad,23,Female,Normal,No,21-10-2023
CUST0363,Gaurika Iyengar,Pune,30,Female,Sensitive,No,16-03-2025
CUST0364,Vasatika Jayaraman,Mumbai,40,Female,Sensitive,No,13-10-2025
CUST0365,Reva Vig,Kolkata,19,Female,Combination,No,10-09-2024
CUST0366,Jagrati Gour,Kolkata,52,Female,Combination,No,02-11-2024
CUST0367,Rachana Bhalla,Mumbai,36,Female,Combination,Yes,05-06-2024
CUST0368,Sudiksha Bhat,Mumbai,39,Female,Dry,Yes,25-09-2023
CUST0369,Ucchal Pandey,Jaipur,17,Female,Normal,No,20-05-2025
CUST0370,Jasmit Mitter,Ahmedabad,18,Female,Oily,Yes,08-11-2025
CUST0371,Shivani Shere,Hyderabad,55,Female,Sensitive,No,23-04-2024
CUST0372,Bhavya Hans,Delhi,32,Female,Oily,No,22-01-2025
CUST0373,Elijah Pandit,Hyderabad,23,Female,Dry,Yes,20-08-2025
CUST0374,Vinaya Menon,Jaipur,33,Female,Sensitive,No,28-11-2025
CUST0375,Vrinda Pant,Delhi,48,Female,Combination,No,23-12-2025
CUST0376,Lila Puri,Hyderabad,31,Female,Sensitive,Yes,12-09-2025
CUST0377,Idika Subramaniam,Lucknow,30,Female,Dry,No,13-09-2023
CUST0378,Rachita Konda,Jaipur,35,Female,Normal,No,07-08-2025
CUST0379,Wakeeta Sundaram,Chennai,30,Female,Sensitive,No,10-12-2024
CUST0380,Radhika Dua,Mumbai,38,Female,Dry,No,27-05-2026
CUST0381,Barkha Chada,Hyderabad,34,Male,Dry,Yes,08-02-2026
CUST0382,Ekiya Wali,Bangalore,51,Female,Combination,No,12-02-2026
CUST0383,Aashi Kadakia,Kolkata,44,Female,Oily,No,20-06-2026
CUST0384,Jeremiah Chaudhuri,Bangalore,42,Female,Combination,Yes,19-05-2025
CUST0385,Idika Seth,Lucknow,33,Female,Sensitive,Yes,13-09-2024
CUST0386,Hemang Rau,Ahmedabad,33,Female,Dry,No,01-01-2026
CUST0387,Chandani Mishra,Kolkata,51,Female,Normal,No,08-04-2024
CUST0388,Balveer Sarna,Bangalore,42,Female,Combination,No,25-08-2025
CUST0389,Dhriti Lalla,Kolkata,44,Female,Combination,No,30-11-2024
CUST0390,Vritti Tailor,Kolkata,49,Female,Normal,No,26-04-2025
CUST0391,Vinaya Dhawan,Ahmedabad,40,Female,Dry,No,25-09-2025
CUST0392,Yahvi Gala,Kolkata,52,Female,Dry,Yes,07-04-2025
CUST0393,Faris Nagi,Chennai,54,Female,Combination,Yes,21-01-2025
CUST0394,Neelima Shroff,Mumbai,17,Female,Sensitive,No,14-10-2024
CUST0395,Bishakha Gole,Jaipur,35,Female,Normal,No,20-07-2025
CUST0396,Aishani Bath,Kolkata,40,Female,Oily,No,06-09-2025
CUST0397,Charvi Uppal,Mumbai,20,Female,Oily,No,07-02-2025
CUST0398,Anika Kala,Jaipur,52,Female,Dry,No,14-10-2025
CUST0399,Pallavi Chandra,Ahmedabad,55,Male,Sensitive,No,16-03-2026
CUST0400,Panini Som,Delhi,26,Female,Combination,No,18-12-2025
CUST0401,Meghana Saran,Jaipur,27,Female,Combination,No,09-09-2024
CUST0402,Ati Mann,Jaipur,42,Female,Sensitive,Yes,18-07-2024
CUST0403,Tamanna Nath,Jaipur,28,Female,Oily,No,28-02-2025
CUST0404,Yashica Pai,Chennai,52,Male,Oily,No,15-07-2026
CUST0405,Dhriti Narayanan,Mumbai,35,Female,Sensitive,Yes,02-04-2024
CUST0406,Eesha Chahal,Delhi,53,Female,Oily,Yes,24-12-2025
CUST0407,Sudiksha Ravi,Jaipur,52,Female,Sensitive,No,13-04-2025
CUST0408,Sudiksha Mital,Pune,42,Female,Dry,Yes,04-01-2024
CUST0409,Ikshita Soman,Delhi,17,Female,Dry,No,20-06-2025
CUST0410,Yamini Puri,Ahmedabad,55,Female,Oily,No,28-06-2025
CUST0411,Jagvi Baral,Lucknow,36,Female,Dry,No,21-08-2025
CUST0412,Harita Chaudhuri,Hyderabad,22,Male,Sensitive,Yes,17-08-2025
CUST0413,Ucchal Chaudhuri,Lucknow,40,Female,Dry,No,11-05-2026
CUST0414,Raksha Dewan,Mumbai,44,Female,Dry,Yes,26-12-2025
CUST0415,Nidhi Goyal,Lucknow,27,Female,Normal,No,03-12-2024
CUST0416,Aishani Sankar,Ahmedabad,20,Female,Normal,No,06-05-2025
CUST0417,Yadavi Vig,Kolkata,35,Female,Normal,Yes,22-10-2023
CUST0418,Shivansh Ravel,Delhi,27,Female,Normal,Yes,29-12-2024
CUST0419,Rishi Dugal,Hyderabad,41,Female,Oily,No,29-01-2025
CUST0420,Charan Butala,Chennai,41,Female,Oily,No,28-07-2025
CUST0421,Faqid Aurora,Jaipur,31,Female,Normal,Yes,08-12-2024
CUST0422,Divya Chakrabarti,Mumbai,33,Female,Combination,No,30-04-2024
CUST0423,Eiravati Sodhi,Bangalore,21,Female,Sensitive,No,29-09-2023
CUST0424,Varenya Grover,Ahmedabad,45,Female,Dry,Yes,20-05-2026
CUST0425,Eta Chad,Kolkata,40,Female,Sensitive,Yes,19-07-2024
CUST0426,Victor Kumar,Jaipur,29,Female,Normal,No,10-05-2026
CUST0427,Amol Apte,Hyderabad,54,Male,Sensitive,No,14-11-2023
CUST0428,Saumya Mukhopadhyay,Kolkata,54,Female,Dry,No,08-08-2024
CUST0429,Widisha Bhasin,Jaipur,21,Female,Combination,No,12-08-2024
CUST0430,Vrinda Ganesan,Mumbai,52,Female,Oily,No,12-02-2024
CUST0431,Radhika Gade,Bangalore,30,Female,Oily,Yes,12-07-2025
CUST0432,William Rajan,Jaipur,35,Female,Combination,Yes,17-12-2025
CUST0433,Madhavi Nath,Kolkata,34,Female,Normal,No,18-07-2024
CUST0434,Ojas Aurora,Bangalore,33,Female,Combination,No,12-02-2026
CUST0435,Upadhriti Koshy,Chennai,42,Female,Normal,Yes,16-10-2024
CUST0436,Kamala Seth,Chennai,22,Female,Oily,Yes,08-07-2024
CUST0437,Oeshi Lall,Pune,18,Female,Sensitive,Yes,22-06-2024
CUST0438,Anvi Mani,Hyderabad,25,Female,Oily,No,14-02-2026
CUST0439,Mahika Tata,Bangalore,52,Female,Sensitive,No,14-09-2024
CUST0440,Watika Raj,Kolkata,52,Female,Oily,Yes,11-04-2024
CUST0441,Nilima Bhandari,Hyderabad,18,Male,Sensitive,No,01-09-2025
CUST0442,Ishanvi Kumar,Pune,23,Female,Combination,Yes,27-05-2025
CUST0443,Reyansh Sharaf,Delhi,42,Female,Normal,No,08-04-2025
CUST0444,Bhavika Kaul,Pune,33,Female,Combination,No,08-11-2024
CUST0445,Yutika Nagi,Chennai,48,Female,Normal,No,30-01-2025
CUST0446,Ijaya Kala,Pune,43,Female,Dry,No,02-04-2024
CUST0447,Mohini Patil,Jaipur,32,Female,Dry,No,18-05-2025
CUST0448,Tamanna Varughese,Jaipur,32,Female,Oily,Yes,11-03-2026
CUST0449,Anya Tak,Delhi,28,Female,Dry,Yes,13-10-2024
CUST0450,Ria Sheth,Ahmedabad,31,Female,Oily,No,27-12-2025
CUST0451,Nisha Balasubramanian,Chennai,35,Female,Dry,No,12-09-2024
CUST0452,Charvi Bandi,Delhi,51,Female,Dry,No,15-04-2024
CUST0453,Jalsa Lal,Ahmedabad,41,Female,Oily,No,23-05-2026
CUST0454,Unni Chatterjee,Ahmedabad,29,Female,Combination,No,15-06-2026
CUST0455,Lakshmi Barad,Hyderabad,44,Male,Dry,No,05-09-2024
CUST0456,Saanvi Chacko,Chennai,34,Female,Oily,Yes,10-10-2023
CUST0457,Reva Shanker,Ahmedabad,21,Female,Combination,No,10-02-2025
CUST0458,Sneha Dar,Delhi,47,Male,Normal,Yes,02-10-2025
CUST0459,Lavanya Nagar,Mumbai,38,Male,Combination,No,04-05-2025
CUST0460,Zehaan Ramaswamy,Hyderabad,31,Female,Oily,Yes,23-03-2024
CUST0461,Reva Keer,Bangalore,34,Female,Sensitive,No,02-08-2026
CUST0462,Gabriel Barad,Bangalore,22,Female,Combination,No,09-06-2026
CUST0463,Bhanumati Bala,Bangalore,38,Female,Combination,Yes,18-02-2026
CUST0464,Kai Varghese,Hyderabad,31,Female,Oily,No,05-10-2025
CUST0465,Baghyawati Chaudhuri,Kolkata,19,Male,Normal,No,12-02-2024
CUST0466,Ira Misra,Hyderabad,54,Female,Oily,Yes,31-05-2025
CUST0467,Damini Sinha,Bangalore,44,Female,Normal,Yes,20-08-2024
CUST0468,Saumya Dash,Ahmedabad,46,Female,Combination,Yes,14-10-2024
CUST0469,Hamsini Sastry,Jaipur,43,Female,Oily,No,21-05-2024
CUST0470,Abha Sidhu,Kolkata,37,Female,Oily,No,13-10-2025
CUST0471,Anita Dugar,Bangalore,40,Female,Normal,No,25-05-2026
CUST0472,Brinda Prakash,Lucknow,28,Female,Sensitive,No,14-04-2026
CUST0473,Vansha Chatterjee,Jaipur,25,Male,Sensitive,No,24-05-2026
CUST0474,Alka Borde,Mumbai,37,Female,Combination,No,04-01-2025
CUST0475,Ojasvi Kaur,Chennai,46,Female,Dry,Yes,31-01-2025
CUST0476,Eshana Narula,Mumbai,28,Female,Normal,No,04-05-2024
CUST0477,Hemangini Seth,Lucknow,39,Female,Normal,No,22-04-2025
CUST0478,Urvashi Dixit,Ahmedabad,41,Female,Dry,Yes,20-06-2024
CUST0479,Jatin Dugal,Jaipur,23,Female,Combination,No,08-10-2023
CUST0480,Oviya Ganesh,Hyderabad,47,Female,Normal,Yes,14-06-2024
CUST0481,Nitara Shan,Delhi,48,Male,Sensitive,Yes,29-04-2026
CUST0482,Ganga Varghese,Delhi,44,Female,Sensitive,No,10-11-2023
CUST0483,Waida Mangat,Delhi,48,Female,Normal,No,15-01-2024
CUST0484,Qabil Sankaran,Pune,52,Female,Oily,Yes,01-08-2026
CUST0485,Kashish Chatterjee,Mumbai,41,Female,Combination,Yes,30-10-2024
CUST0486,Gautami Bhandari,Pune,45,Female,Dry,No,13-02-2026
CUST0487,Ekbal Babu,Lucknow,28,Female,Combination,Yes,24-12-2024
CUST0488,Yashodhara Dey,Chennai,16,Female,Oily,Yes,25-12-2024
CUST0489,Idika Parsa,Jaipur,38,Female,Oily,No,17-12-2024
CUST0490,Janani Malhotra,Chennai,51,Female,Sensitive,Yes,11-05-2025
CUST0491,Gautam Vig,Pune,32,Female,Normal,Yes,09-12-2025
CUST0492,Guneet Buch,Ahmedabad,23,Female,Normal,Yes,09-02-2026
CUST0493,Mahika Gill,Bangalore,25,Female,Combination,No,17-04-2024
CUST0494,Nikita Jain,Bangalore,53,Male,Sensitive,No,21-09-2023
CUST0495,Baghyawati Vasa,Hyderabad,44,Female,Combination,No,21-01-2026
CUST0496,Megha Tailor,Ahmedabad,18,Female,Oily,Yes,16-12-2023
CUST0497,Waida Deol,Lucknow,41,Female,Dry,No,27-03-2026
CUST0498,Kritika Grewal,Pune,55,Female,Combination,No,02-05-2025
CUST0499,Anita Gade,Bangalore,53,Female,Dry,Yes,27-09-2025
CUST0500,Rachana Venkatesh,Ahmedabad,37,Female,Normal,No,30-05-2026
CUST0501,Dipta Parikh,Chennai,53,Female,Dry,Yes,11-10-2025
CUST0502,Sai Bhat,Lucknow,18,Female,Dry,Yes,17-07-2024
CUST0503,Yachana Sekhon,Jaipur,32,Female,Sensitive,No,10-03-2025
CUST0504,Advaith Kohli,Mumbai,51,Male,Oily,No,07-07-2026
CUST0505,Hemani Ganesh,Lucknow,22,Female,Combination,No,29-12-2023
CUST0506,Amruta Bahl,Bangalore,20,Female,Combination,No,22-12-2023
CUST0507,Leena Badami,Pune,38,Male,Normal,No,18-02-2026
CUST0508,Yutika Khare,Chennai,46,Female,Dry,No,28-09-2025
CUST0509,Parth Chandra,Bangalore,24,Female,Normal,No,13-10-2025
CUST0510,Madhavi Dasgupta,Hyderabad,26,Female,Dry,No,18-01-2025
CUST0511,Dayamai Dara,Lucknow,51,Female,Combination,Yes,18-01-2024
CUST0512,Jhalak Karan,Delhi,53,Female,Sensitive,No,14-02-2024
CUST0513,Sneha Gala,Kolkata,20,Female,Combination,No,16-06-2026
CUST0514,Saumya Salvi,Hyderabad,50,Female,Dry,No,07-06-2025
CUST0515,Siya Ben,Mumbai,29,Female,Normal,Yes,16-12-2025
CUST0516,Suhani Khosla,Jaipur,22,Female,Oily,No,20-02-2026
CUST0517,Oeshi Rattan,Delhi,20,Female,Sensitive,No,01-03-2026
CUST0518,Omaja Varughese,Pune,33,Female,Oily,No,14-02-2024
CUST0519,Jeet Sami,Pune,36,Female,Oily,No,17-08-2025
CUST0520,Rajata Chopra,Chennai,27,Female,Normal,No,29-03-2025
CUST0521,Omaja Sant,Lucknow,37,Female,Sensitive,No,11-04-2024
CUST0522,Isaiah Dewan,Mumbai,17,Male,Sensitive,No,02-12-2024
CUST0523,Vasana Batra,Kolkata,55,Female,Combination,Yes,19-01-2026
CUST0524,Anika Lata,Pune,25,Female,Oily,No,15-05-2026
CUST0525,Anita Chaudhry,Chennai,50,Female,Sensitive,Yes,03-06-2024
CUST0526,Teerth Khalsa,Lucknow,37,Female,Sensitive,Yes,19-06-2026
CUST0527,Dayita Mody,Mumbai,35,Female,Sensitive,No,15-09-2024
CUST0528,Dipta Bhasin,Hyderabad,39,Female,Combination,Yes,04-06-2025
CUST0529,Chaman Shukla,Ahmedabad,22,Female,Combination,Yes,31-05-2025
CUST0530,Urvi Dasgupta,Kolkata,21,Male,Sensitive,Yes,08-03-2025
CUST0531,Tanvi Mani,Jaipur,29,Female,Dry,Yes,28-06-2024
CUST0532,Mitali Sha,Bangalore,27,Male,Dry,No,21-06-2025
CUST0533,Sanya Jaggi,Pune,44,Male,Normal,Yes,17-04-2025
CUST0534,Victor Mitter,Kolkata,45,Female,Oily,Yes,24-06-2025
CUST0535,Nilima Balasubramanian,Delhi,41,Female,Combination,Yes,26-05-2024
CUST0536,Ijaya Vala,Kolkata,40,Male,Dry,Yes,14-04-2025
CUST0537,Abha Pandit,Kolkata,31,Female,Dry,No,01-03-2024
CUST0538,Ojasvi Nanda,Hyderabad,35,Male,Normal,Yes,15-02-2025
CUST0539,Janaki Merchant,Bangalore,46,Male,Combination,No,10-11-2023
CUST0540,Gauri Bhavsar,Hyderabad,34,Female,Oily,No,17-06-2025
CUST0541,Thomas Bhatia,Bangalore,36,Female,Sensitive,No,14-03-2025
CUST0542,Raagini Chopra,Mumbai,29,Male,Combination,Yes,18-03-2025
CUST0543,Turvi Nazareth,Ahmedabad,27,Female,Dry,No,22-08-2025
CUST0544,Isha Malhotra,Mumbai,23,Female,Oily,Yes,01-02-2026
CUST0545,Vyanjana Luthra,Jaipur,38,Female,Dry,No,24-12-2025
CUST0546,Triveni Chauhan,Kolkata,37,Female,Normal,No,15-09-2023
CUST0547,Yuvraj Rao,Mumbai,53,Female,Oily,Yes,02-07-2026
CUST0548,Turvi Mammen,Pune,52,Female,Oily,No,28-03-2026
CUST0549,Sachi Sethi,Chennai,20,Male,Oily,No,17-09-2025
CUST0550,Patrick Master,Jaipur,43,Female,Dry,No,20-09-2024
CUST0551,Oeshi Ahuja,Jaipur,48,Male,Sensitive,No,27-12-2025
CUST0552,Sachi Sawhney,Delhi,38,Male,Dry,No,26-07-2024
CUST0553,Eta Sarin,Bangalore,16,Female,Oily,No,15-05-2025
CUST0554,Chanchal Narayanan,Mumbai,42,Female,Combination,Yes,20-08-2024
CUST0555,Omaja Jayaraman,Mumbai,45,Female,Sensitive,No,12-07-2026
CUST0556,Amara Batta,Hyderabad,41,Female,Sensitive,No,10-06-2024
CUST0557,Mason Yadav,Kolkata,40,Male,Dry,No,12-12-2025
CUST0558,Yauvani Varughese,Pune,54,Female,Combination,No,24-10-2025
CUST0559,Saumya Shetty,Pune,28,Female,Oily,No,25-09-2024
CUST0560,Varsha Anne,Mumbai,41,Female,Combination,No,31-08-2025
CUST0561,Chavvi Rout,Chennai,45,Male,Oily,No,13-10-2024
CUST0562,Ganga Guha,Ahmedabad,48,Female,Sensitive,No,04-07-2026
CUST0563,Suhani Sarraf,Kolkata,38,Female,Normal,No,06-12-2025
CUST0564,Zilmil Chanda,Chennai,20,Female,Sensitive,No,10-03-2024
CUST0565,Qadim Borde,Hyderabad,32,Male,Normal,No,06-02-2026
CUST0566,Dayamai Menon,Lucknow,46,Female,Dry,Yes,14-09-2025
CUST0567,Gaurangi Viswanathan,Chennai,49,Female,Dry,No,15-07-2024
CUST0568,Yashawini Guha,Bangalore,25,Female,Normal,Yes,23-11-2024
CUST0569,Chatresh Pandit,Mumbai,36,Female,Normal,Yes,09-05-2025
CUST0570,Tripti Anne,Hyderabad,40,Female,Combination,No,27-12-2025
CUST0571,Aahana Modi,Hyderabad,44,Female,Combination,No,07-11-2024
CUST0572,Abhimanyu Balan,Delhi,44,Female,Dry,No,07-04-2024
CUST0573,Lila Wali,Bangalore,39,Female,Dry,No,11-03-2025
CUST0574,Ira Roy,Kolkata,32,Female,Dry,Yes,12-06-2025
CUST0575,Gaurangi Vasa,Lucknow,27,Female,Sensitive,Yes,27-11-2025
CUST0576,Amrita Chaudhry,Pune,32,Female,Oily,No,01-12-2023
CUST0577,Vinaya Sani,Delhi,28,Female,Combination,No,17-01-2026
CUST0578,Abha Naidu,Mumbai,44,Female,Oily,No,11-02-2024
CUST0579,Raagini Majumdar,Kolkata,43,Female,Combination,No,09-03-2024
CUST0580,Chavvi Bhatnagar,Lucknow,24,Male,Dry,No,16-09-2024
CUST0581,Reyansh Bahri,Lucknow,39,Female,Dry,No,08-11-2023
CUST0582,Anya Sarraf,Ahmedabad,40,Female,Normal,No,08-11-2023
CUST0583,Jeet Kapoor,Mumbai,22,Female,Normal,No,27-10-2023
CUST0584,Nisha Ahuja,Kolkata,42,Male,Dry,No,25-04-2026
CUST0585,Nidra Sahota,Ahmedabad,24,Female,Oily,No,13-06-2025
CUST0586,Bhavna Kibe,Kolkata,50,Female,Combination,No,01-09-2025
CUST0587,Triveni More,Ahmedabad,23,Female,Oily,No,08-11-2024
CUST0588,Alka Kohli,Ahmedabad,21,Female,Dry,No,13-12-2023
CUST0589,Rachita Raghavan,Pune,37,Female,Oily,No,27-03-2024
CUST0590,Siya Patil,Lucknow,24,Male,Oily,No,11-01-2024
CUST0591,Oviya Rau,Chennai,28,Female,Oily,Yes,04-08-2025
CUST0592,Udyati Panchal,Jaipur,32,Female,Normal,Yes,22-04-2025
CUST0593,Girish Sibal,Jaipur,41,Female,Normal,No,09-07-2024
CUST0594,Urmi Banerjee,Pune,40,Female,Sensitive,Yes,04-07-2024
CUST0595,Panini Dugal,Mumbai,29,Female,Combination,No,25-05-2024
CUST0596,Charita Hegde,Lucknow,25,Female,Combination,Yes,24-06-2024
CUST0597,Timothy Sibal,Jaipur,19,Female,Oily,No,17-02-2026
CUST0598,Gauri Pillai,Lucknow,36,Female,Dry,No,20-09-2024
CUST0599,Riya Joshi,Pune,53,Female,Normal,No,23-07-2024
CUST0600,Yashawini Jayaraman,Pune,19,Female,Oily,Yes,10-05-2024
CUST0601,Dominic Lal,Delhi,54,Female,Oily,No,06-06-2025
CUST0602,Raksha Warrior,Bangalore,47,Female,Combination,No,30-05-2024
CUST0603,Edhitha Das,Bangalore,25,Female,Dry,No,01-09-2025
CUST0604,Lopa Rajan,Pune,21,Male,Normal,Yes,11-10-2023
CUST0605,Nimrat Aurora,Ahmedabad,43,Female,Oily,No,30-10-2024
CUST0606,Hema Kata,Bangalore,44,Female,Dry,No,17-08-2024
CUST0607,Bhavna Pathak,Jaipur,25,Female,Combination,No,15-01-2026
CUST0608,Inaya Bhatti,Bangalore,30,Female,Oily,No,15-10-2025
CUST0609,Jeevika Mani,Hyderabad,30,Female,Oily,Yes,23-01-2024
CUST0610,Megha Parekh,Bangalore,43,Female,Normal,Yes,13-11-2024
CUST0611,Ekaja Malhotra,Delhi,29,Male,Sensitive,No,16-03-2024
CUST0612,Pushti Sachar,Chennai,17,Female,Normal,No,07-10-2023
CUST0613,Jeet Rattan,Pune,47,Female,Combination,No,20-09-2024
CUST0614,Hemani Manne,Delhi,28,Female,Combination,No,11-01-2024
CUST0615,Anusha Ravel,Pune,53,Male,Oily,No,23-10-2023
CUST0616,Upasna Hora,Mumbai,38,Female,Dry,No,25-11-2025
CUST0617,Sachi Baral,Chennai,38,Female,Dry,No,21-04-2025
CUST0618,Jhalak Tank,Delhi,35,Female,Sensitive,No,13-10-2025
CUST0619,Urishilla Palla,Delhi,26,Female,Normal,Yes,03-06-2026
CUST0620,Mekhala Basak,Lucknow,22,Female,Dry,No,30-03-2026
CUST0621,Krisha Choudhry,Delhi,39,Female,Dry,No,20-10-2023
CUST0622,Jagrati Pai,Delhi,37,Female,Normal,No,17-11-2025
CUST0623,Turvi Ramesh,Delhi,31,Female,Normal,Yes,08-08-2026
CUST0624,Meera Vyas,Chennai,45,Female,Sensitive,No,15-12-2023
CUST0625,Vaishnavi Oak,Chennai,28,Female,Sensitive,Yes,16-09-2025
CUST0626,Yashoda Bhagat,Pune,50,Female,Oily,Yes,31-08-2025
CUST0627,Tanish Vala,Ahmedabad,52,Female,Dry,Yes,28-02-2026
CUST0628,Wishi Gulati,Hyderabad,17,Female,Sensitive,No,27-10-2023
CUST0629,Harita Gade,Delhi,21,Female,Dry,Yes,09-07-2026
CUST0630,Leena Krish,Jaipur,19,Female,Oily,No,03-07-2026
CUST0631,Praneel Palan,Mumbai,29,Female,Dry,No,22-11-2024
CUST0632,Nimrat Devan,Ahmedabad,53,Male,Oily,No,03-02-2024
CUST0633,Wyatt Khanna,Kolkata,18,Female,Dry,Yes,01-10-2025
CUST0634,Yasti Saxena,Bangalore,25,Female,Dry,Yes,30-01-2024
CUST0635,Mason Deol,Chennai,20,Male,Normal,Yes,10-04-2026
CUST0636,Kavya Nath,Chennai,20,Female,Oily,Yes,12-07-2025
CUST0637,Unnati Gara,Chennai,42,Female,Combination,No,01-09-2025
CUST0638,Vedhika Ravi,Ahmedabad,47,Female,Combination,No,12-02-2026
CUST0639,Mohini Arora,Lucknow,26,Female,Sensitive,Yes,28-09-2024
CUST0640,Anthony Bhasin,Jaipur,23,Female,Combination,No,22-04-2026
CUST0641,Indira Choudhry,Pune,28,Female,Sensitive,Yes,27-09-2025
CUST0642,Dayita Edwin,Mumbai,41,Female,Normal,No,21-08-2024
CUST0643,Radhika Mann,Chennai,40,Female,Oily,Yes,08-03-2024
CUST0644,Aradhana Apte,Chennai,54,Male,Normal,No,21-01-2025
CUST0645,Chakrika Narula,Ahmedabad,54,Female,Oily,No,20-07-2026
CUST0646,Darika Suresh,Kolkata,54,Female,Dry,No,25-06-2026
CUST0647,Ikshita Nagy,Chennai,41,Female,Sensitive,Yes,19-09-2023
CUST0648,Mekhala Krishnamurthy,Hyderabad,27,Female,Normal,No,06-08-2025
CUST0649,Ekantika Bala,Pune,23,Female,Oily,No,07-10-2023
CUST0650,Elijah Minhas,Kolkata,33,Female,Dry,No,06-10-2024
CUST0651,Dalaja Mukherjee,Lucknow,41,Female,Combination,No,09-11-2025
CUST0652,Sachi Gour,Lucknow,28,Male,Dry,No,31-07-2025
CUST0653,Odika Karpe,Bangalore,22,Male,Normal,No,07-10-2024
CUST0654,Lajita Khatri,Chennai,22,Male,Sensitive,No,11-11-2023
CUST0655,Tamanna Bedi,Hyderabad,42,Female,Sensitive,No,13-06-2026
CUST0656,Udyati Tata,Hyderabad,39,Female,Normal,No,28-10-2025
CUST0657,Chaitaly Dhar,Mumbai,47,Female,Oily,Yes,12-09-2025
CUST0658,Ekantika Savant,Delhi,51,Female,Combination,No,20-07-2025
CUST0659,Chaitanya Baral,Lucknow,45,Female,Combination,No,04-03-2026
CUST0660,Ikshita Kamdar,Hyderabad,25,Female,Sensitive,No,19-10-2025
CUST0661,Amol Vaidya,Bangalore,53,Female,Combination,No,07-12-2024
CUST0662,Bimala Bhakta,Jaipur,17,Female,Normal,No,12-03-2025
CUST0663,Pallavi Bhatnagar,Kolkata,47,Male,Combination,No,21-12-2024
CUST0664,Gayathri Radhakrishnan,Bangalore,52,Female,Oily,No,21-07-2024
CUST0665,Priya Hayre,Bangalore,28,Female,Oily,Yes,22-01-2025
CUST0666,Yauvani Sharma,Bangalore,35,Male,Sensitive,Yes,10-12-2024
CUST0667,Suhani Bumb,Chennai,27,Female,Normal,Yes,21-01-2026
CUST0668,Oni Mishra,Ahmedabad,41,Female,Combination,No,04-05-2025
CUST0669,Raksha Srivastava,Ahmedabad,33,Female,Sensitive,No,10-08-2025
CUST0670,Netra Oza,Bangalore,36,Female,Combination,No,28-03-2025
CUST0671,Ijaya Kapadia,Jaipur,42,Female,Combination,No,02-09-2025
CUST0672,Chaman Din,Kolkata,49,Female,Oily,Yes,14-08-2025
CUST0673,Turvi Parsa,Mumbai,50,Female,Sensitive,No,28-03-2025
CUST0674,Siya Lal,Chennai,32,Male,Oily,No,10-01-2024
CUST0675,Isha Choudhury,Lucknow,42,Female,Oily,No,03-05-2024
CUST0676,Charvi Guha,Bangalore,23,Female,Normal,No,29-03-2025
CUST0677,Wishi Karan,Chennai,41,Female,Combination,No,23-04-2025
CUST0678,Dayita Varghese,Bangalore,50,Female,Normal,No,06-05-2026
CUST0679,Samar Borah,Bangalore,29,Female,Oily,No,10-01-2026
CUST0680,Yashasvi Tripathi,Mumbai,52,Female,Sensitive,No,11-10-2025
CUST0681,Yasti Chaudry,Hyderabad,24,Female,Dry,No,12-01-2025
CUST0682,Frederick Handa,Mumbai,40,Male,Dry,No,02-05-2025
CUST0683,Ekapad Prakash,Kolkata,55,Male,Oily,No,15-12-2025
CUST0684,Tanmayi Khalsa,Jaipur,33,Female,Dry,No,31-10-2023
CUST0685,Advika Kala,Lucknow,21,Female,Sensitive,Yes,12-01-2025
CUST0686,Ekanta Sandhu,Chennai,29,Female,Dry,No,05-05-2026
CUST0687,Isha Contractor,Ahmedabad,53,Female,Oily,Yes,15-05-2026
CUST0688,Hamsini Peri,Delhi,46,Female,Combination,No,12-11-2025
CUST0689,Aashi Kumer,Pune,29,Female,Dry,Yes,19-01-2024
CUST0690,Pranav Suresh,Lucknow,50,Female,Dry,No,27-10-2023
CUST0691,Daksha Parekh,Jaipur,33,Female,Oily,No,17-04-2025
CUST0692,Anika Kibe,Delhi,53,Female,Normal,No,08-06-2024
CUST0693,Vansha Bail,Pune,19,Female,Sensitive,No,19-02-2026
CUST0694,Dakshesh Bail,Delhi,46,Female,Normal,No,11-02-2025
CUST0695,Leela Goyal,Lucknow,45,Female,Sensitive,Yes,18-02-2024
CUST0696,Sachi Dhawan,Hyderabad,28,Female,Sensitive,Yes,29-05-2025
CUST0697,Lipika Sawhney,Pune,32,Female,Combination,No,25-09-2023
CUST0698,Faqid Sur,Lucknow,17,Female,Dry,No,26-02-2025
CUST0699,Anita Borde,Jaipur,32,Female,Dry,No,23-03-2024
CUST0700,Vyanjana Dutt,Chennai,35,Female,Dry,No,17-09-2025
CUST0701,Shravya Karnik,Mumbai,45,Female,Combination,Yes,28-03-2026
CUST0702,Radha Narayan,Ahmedabad,47,Male,Combination,No,26-03-2025
CUST0703,Ekaja Bassi,Bangalore,22,Female,Combination,No,23-04-2024
CUST0704,Vinaya Narula,Hyderabad,17,Male,Dry,No,17-05-2025
CUST0705,Peter Murthy,Jaipur,43,Female,Normal,Yes,17-09-2023
CUST0706,Ojas Karan,Kolkata,24,Female,Oily,Yes,02-10-2023
CUST0707,Aradhana Dhingra,Kolkata,17,Female,Oily,No,24-10-2025
CUST0708,Madhavi Rajagopalan,Lucknow,50,Male,Combination,No,28-06-2024
CUST0709,Rachana Wable,Ahmedabad,47,Female,Dry,Yes,25-05-2025
CUST0710,Anika Chandran,Chennai,40,Male,Oily,No,28-03-2026
CUST0711,Chavvi Patil,Pune,44,Female,Sensitive,No,01-01-2026
CUST0712,Ekta Bora,Ahmedabad,20,Female,Oily,No,30-07-2024
CUST0713,Radhika Upadhyay,Pune,46,Female,Normal,No,07-03-2026
CUST0714,Pushti Ravi,Ahmedabad,54,Female,Dry,No,01-09-2024
CUST0715,Neel Subramaniam,Mumbai,41,Female,Dry,No,28-02-2025
CUST0716,Kamya Palla,Mumbai,31,Female,Dry,No,18-02-2024
CUST0717,Aarini Setty,Mumbai,41,Female,Dry,No,15-11-2024
CUST0718,Nidhi Ganguly,Jaipur,52,Male,Combination,Yes,27-05-2025
CUST0719,Nidhi Morar,Ahmedabad,22,Female,Oily,Yes,05-06-2024
CUST0720,Bina Gupta,Bangalore,55,Female,Oily,No,24-05-2025
CUST0721,Gaurav Modi,Kolkata,16,Female,Oily,No,21-05-2025
CUST0722,Rachana Sangha,Jaipur,51,Female,Sensitive,No,18-10-2025
CUST0723,Watika Nagar,Mumbai,50,Female,Normal,No,25-04-2026
CUST0724,Lavanya Bajaj,Pune,17,Female,Sensitive,No,26-11-2025
CUST0725,Kashish Bahri,Delhi,29,Female,Oily,No,30-04-2024
CUST0726,Vanya Iyer,Jaipur,38,Female,Oily,No,18-04-2026
CUST0727,Yamini Chaudhary,Delhi,21,Female,Combination,No,07-04-2024
CUST0728,Eiravati Bava,Ahmedabad,54,Female,Combination,No,04-12-2023
CUST0729,Ekanta Ahluwalia,Delhi,18,Female,Sensitive,Yes,29-03-2024
CUST0730,Ojasvi Bala,Kolkata,55,Female,Dry,No,24-04-2024
CUST0731,Amara Sunder,Delhi,17,Female,Oily,No,15-11-2024
CUST0732,Harita Bhandari,Kolkata,19,Female,Combination,No,18-03-2026
CUST0733,Chameli Natt,Hyderabad,35,Female,Oily,No,15-12-2025
CUST0734,Lavanya Sheth,Ahmedabad,26,Male,Normal,No,29-03-2026
CUST0735,Nitara Munshi,Chennai,33,Female,Oily,No,09-11-2023
CUST0736,Gaurangi Chander,Pune,50,Male,Combination,Yes,30-09-2023
CUST0737,Eshana Wagle,Pune,37,Female,Sensitive,Yes,06-12-2025
CUST0738,Rachita Pathak,Chennai,43,Female,Combination,Yes,04-12-2024
CUST0739,Oni Karpe,Ahmedabad,26,Female,Oily,No,08-11-2025
CUST0740,Waida Balay,Kolkata,49,Female,Oily,No,15-12-2025
CUST0741,Vasana Mall,Mumbai,32,Female,Oily,No,29-09-2024
CUST0742,Ekaja Krishnan,Ahmedabad,55,Female,Combination,No,20-09-2023
CUST0743,Daksha Patil,Hyderabad,17,Female,Dry,No,18-02-2024
CUST0744,Suhani Chana,Lucknow,25,Female,Sensitive,Yes,04-06-2026
CUST0745,Divya Bhasin,Delhi,20,Female,Sensitive,Yes,11-04-2025
CUST0746,Hemani Lad,Bangalore,51,Female,Normal,No,07-06-2026
CUST0747,Falguni Goel,Hyderabad,44,Female,Oily,Yes,26-03-2026
CUST0748,Zarna Balakrishnan,Bangalore,44,Male,Oily,No,18-09-2024
CUST0749,Vaishnavi Tara,Chennai,29,Female,Dry,Yes,24-04-2024
CUST0750,Saumya Sharma,Chennai,37,Female,Oily,No,23-04-2024
CUST0751,Darika Aurora,Delhi,26,Female,Sensitive,No,19-11-2023
CUST0752,Pushti Bhasin,Mumbai,25,Female,Oily,No,10-05-2024
CUST0753,Tara Prashad,Lucknow,53,Female,Oily,Yes,13-06-2026
CUST0754,Amruta Krishnamurthy,Bangalore,38,Female,Dry,Yes,03-10-2023
CUST0755,Kavya Kashyap,Hyderabad,39,Female,Sensitive,No,22-09-2024
CUST0756,Simon Mallick,Bangalore,34,Female,Oily,Yes,24-07-2024
CUST0757,Janaki Dugar,Pune,40,Male,Dry,No,31-01-2025
CUST0758,Ekanta Mital,Mumbai,19,Female,Normal,No,07-07-2024
CUST0759,Aahana Sunder,Mumbai,46,Female,Oily,Yes,27-03-2026
CUST0760,Gaurika Nagarajan,Ahmedabad,21,Female,Normal,No,07-09-2025
CUST0761,Jagvi Ben,Pune,43,Female,Oily,Yes,08-04-2026
CUST0762,Radha Batra,Ahmedabad,46,Female,Combination,No,19-12-2025
CUST0763,Hemani Saran,Pune,46,Female,Sensitive,No,19-03-2026
CUST0764,Advik Choudhury,Kolkata,23,Female,Normal,No,19-02-2024
CUST0765,Ekani Mittal,Bangalore,48,Male,Dry,Yes,18-02-2024
CUST0766,Chasmum Ganguly,Ahmedabad,45,Female,Dry,Yes,17-01-2025
CUST0767,Chandani Sachdeva,Chennai,22,Female,Combination,Yes,06-09-2024
CUST0768,Oviya Bali,Ahmedabad,46,Female,Sensitive,Yes,26-05-2025
CUST0769,Advika Barad,Jaipur,17,Female,Oily,No,01-02-2024
CUST0770,Upasna Cheema,Ahmedabad,54,Female,Combination,Yes,25-10-2025
CUST0771,Nitara Bhattacharyya,Chennai,18,Male,Combination,No,03-04-2026
CUST0772,Widisha Deshpande,Pune,17,Female,Oily,No,23-03-2025
CUST0773,Gaurav Kapur,Hyderabad,44,Male,Dry,No,09-09-2025
CUST0774,Yamini Chowdhury,Pune,20,Female,Dry,Yes,28-03-2025
CUST0775,Balvan Palla,Pune,20,Female,Sensitive,No,10-07-2026
CUST0776,Bina Mahajan,Pune,55,Male,Dry,No,29-09-2025
CUST0777,Libni Luthra,Ahmedabad,33,Female,Combination,Yes,23-11-2023
CUST0778,Indira Trivedi,Kolkata,17,Female,Dry,Yes,31-10-2023
CUST0779,Lila Anne,Bangalore,54,Female,Sensitive,No,22-08-2024
CUST0780,Vasana Manda,Kolkata,24,Female,Sensitive,Yes,17-04-2025
CUST0781,Krish Rastogi,Bangalore,24,Male,Dry,No,03-12-2024
CUST0782,Rehaan Dora,Mumbai,26,Female,Dry,Yes,27-10-2024
CUST0783,Tara Dhar,Kolkata,32,Male,Dry,No,24-04-2026
CUST0784,Jagdish Thaker,Hyderabad,42,Female,Normal,No,24-05-2026
CUST0785,Saanvi Khosla,Mumbai,34,Female,Dry,No,06-02-2026
CUST0786,Chameli Bandi,Jaipur,40,Female,Sensitive,No,05-05-2026
CUST0787,Tanmayi Nair,Ahmedabad,49,Female,Combination,No,09-09-2025
CUST0788,Nakul Shah,Pune,43,Female,Combination,No,11-07-2026
CUST0789,Vritti Singhal,Hyderabad,31,Female,Sensitive,Yes,07-03-2025
CUST0790,Kamya Radhakrishnan,Mumbai,55,Female,Dry,No,23-09-2024
CUST0791,Shravya Vora,Mumbai,44,Female,Dry,No,20-06-2024
CUST0792,Bimala Kapoor,Pune,43,Female,Dry,No,22-05-2026
CUST0793,Lekha Solanki,Bangalore,30,Female,Combination,No,12-03-2026
CUST0794,Yutika Sood,Chennai,24,Male,Dry,No,10-05-2025
CUST0795,Bhavini Wadhwa,Jaipur,24,Male,Sensitive,No,02-10-2024
CUST0796,Zarna Gara,Lucknow,45,Male,Sensitive,No,24-01-2026
CUST0797,Harini Dua,Kolkata,36,Female,Normal,No,02-02-2026
CUST0798,Hema Bassi,Bangalore,41,Female,Combination,No,18-08-2024
CUST0799,Upadhriti Das,Pune,53,Male,Dry,No,20-11-2024
CUST0800,Raghav Chauhan,Hyderabad,26,Female,Sensitive,No,03-10-2024
CUST0801,Varsha Chakrabarti,Lucknow,18,Female,Oily,No,29-06-2024
CUST0802,Vansha Choudhury,Jaipur,33,Female,Oily,No,01-01-2025
CUST0803,Harita Varughese,Pune,16,Female,Dry,Yes,17-02-2024
CUST0804,Rajeshri Suresh,Pune,17,Female,Oily,No,18-03-2025
CUST0805,Qasim Virk,Bangalore,46,Female,Sensitive,No,07-09-2024
CUST0806,Lajita Badami,Ahmedabad,32,Female,Oily,Yes,25-04-2025
CUST0807,Leela Bhardwaj,Delhi,55,Female,Combination,Yes,31-05-2025
CUST0808,Laksh Naik,Chennai,37,Female,Dry,Yes,09-06-2024
CUST0809,Theodore Chand,Jaipur,19,Female,Normal,No,23-03-2025
CUST0810,Chanchal Jaggi,Pune,35,Female,Normal,Yes,25-01-2024
CUST0811,Ria Bassi,Pune,44,Female,Dry,No,14-10-2025
CUST0812,Rajeshri Barman,Ahmedabad,52,Female,Oily,Yes,08-10-2025
CUST0813,Tanvi Sankar,Delhi,45,Female,Combination,No,01-08-2025
CUST0814,Qushi Khare,Chennai,19,Female,Oily,Yes,25-10-2024
CUST0815,Inaya Pradhan,Ahmedabad,55,Female,Dry,Yes,17-11-2023
CUST0816,Omya Bobal,Hyderabad,24,Female,Dry,No,05-12-2023
CUST0817,Sachi Ramaswamy,Hyderabad,41,Female,Combination,Yes,23-03-2025
CUST0818,Amara Chokshi,Delhi,34,Female,Sensitive,Yes,03-06-2025
CUST0819,Vedhika Sarin,Pune,45,Female,Combination,Yes,25-11-2024
CUST0820,Hema Bhattacharyya,Jaipur,39,Female,Normal,No,22-12-2024
CUST0821,Ekanta Vala,Delhi,20,Female,Normal,No,20-11-2025
CUST0822,Kala Iyer,Jaipur,30,Female,Normal,No,11-11-2024
CUST0823,Nandini Narayanan,Chennai,50,Female,Combination,No,08-12-2025
CUST0824,Dhriti Chana,Ahmedabad,21,Female,Combination,Yes,03-05-2024
CUST0825,Abhimanyu Chaudry,Jaipur,24,Female,Sensitive,Yes,21-02-2025
CUST0826,Vasana Bhakta,Chennai,43,Female,Dry,No,04-02-2026
CUST0827,Oviya Subramanian,Mumbai,18,Female,Dry,No,18-03-2026
CUST0828,Ekiya Ray,Chennai,26,Female,Sensitive,No,27-01-2026
CUST0829,Oeshi Natt,Bangalore,40,Female,Normal,No,31-03-2024
CUST0830,Idika Yohannan,Pune,45,Male,Oily,Yes,29-06-2024
CUST0831,Caleb Munshi,Kolkata,46,Female,Dry,No,23-10-2024
CUST0832,Siya Vaidya,Ahmedabad,41,Female,Dry,No,11-04-2026
CUST0833,Mitesh Modi,Ahmedabad,22,Male,Sensitive,No,01-06-2024
CUST0834,Urmi Zacharia,Hyderabad,48,Female,Dry,No,10-06-2024
CUST0835,Ekaja Ben,Chennai,27,Female,Combination,No,18-04-2024
CUST0836,Vedika Suresh,Mumbai,16,Male,Sensitive,No,06-10-2025
CUST0837,Rajeshri Om,Hyderabad,54,Female,Oily,No,11-04-2024
CUST0838,Nirja Anand,Chennai,33,Male,Combination,No,31-03-2025
CUST0839,Ojasvi Banik,Kolkata,34,Female,Dry,Yes,28-06-2024
CUST0840,Mugdha Iyer,Lucknow,31,Female,Oily,No,06-10-2025
CUST0841,Tanmayi Saxena,Bangalore,35,Female,Combination,No,15-04-2024
CUST0842,Barkha Gole,Bangalore,31,Female,Combination,No,15-12-2024
CUST0843,Arya Devan,Bangalore,36,Male,Dry,No,17-03-2026
CUST0844,Yuvraj Gole,Jaipur,19,Female,Sensitive,No,26-09-2023
CUST0845,Zaid Kant,Ahmedabad,45,Female,Dry,No,28-08-2025
CUST0846,Jagvi Warrior,Delhi,22,Female,Oily,No,19-02-2026
CUST0847,Ishanvi Varty,Chennai,20,Female,Normal,No,27-12-2023
CUST0848,Isha Chand,Ahmedabad,41,Female,Normal,No,19-06-2026
CUST0849,Jasmit Kurian,Lucknow,46,Female,Combination,No,02-10-2025
CUST0850,Unnati Dubey,Chennai,52,Male,Sensitive,No,23-03-2026
CUST0851,Anvi Dutta,Jaipur,20,Female,Normal,Yes,17-02-2026
CUST0852,Jackson Nagar,Pune,29,Female,Sensitive,No,02-10-2025
CUST0853,Mohammed Kuruvilla,Delhi,52,Female,Sensitive,No,21-08-2024
CUST0854,Forum Kashyap,Bangalore,43,Male,Dry,No,31-10-2024
CUST0855,Omisha Rai,Chennai,22,Female,Sensitive,No,24-02-2024
CUST0856,Jasmit Chander,Kolkata,26,Female,Oily,No,09-04-2024
CUST0857,Hiral Sani,Hyderabad,37,Female,Dry,No,30-08-2024
CUST0858,Deepa Barad,Mumbai,25,Female,Normal,No,09-02-2026
CUST0859,Jagrati Viswanathan,Bangalore,27,Female,Sensitive,No,24-03-2025
CUST0860,Wishi Pall,Lucknow,39,Female,Oily,Yes,29-09-2023
CUST0861,Charita Iyer,Jaipur,29,Female,Dry,No,08-02-2025
CUST0862,Chanchal Jaggi,Ahmedabad,17,Female,Sensitive,No,06-02-2024
CUST0863,Jhalak Mital,Pune,42,Female,Normal,Yes,15-10-2023
CUST0864,Aachal Padmanabhan,Chennai,26,Female,Dry,No,05-04-2024
CUST0865,Netra Bedi,Bangalore,30,Female,Dry,No,12-03-2024
CUST0866,Varenya Srivastava,Delhi,45,Female,Dry,Yes,31-05-2024
CUST0867,Hemal Choudhary,Jaipur,19,Female,Oily,No,27-12-2025
CUST0868,Bhavya Sha,Delhi,51,Female,Dry,No,21-12-2023
CUST0869,Gaurika Ramaswamy,Pune,50,Female,Dry,No,14-01-2025
CUST0870,Anusha Varghese,Kolkata,38,Female,Combination,No,19-05-2025
CUST0871,Ekaja Sagar,Ahmedabad,21,Female,Sensitive,No,18-05-2025
CUST0872,Brinda Prasad,Bangalore,42,Female,Normal,No,24-10-2025
CUST0873,Radha Gara,Ahmedabad,33,Female,Dry,No,16-08-2025
CUST0874,Oni Ahluwalia,Jaipur,26,Female,Combination,No,24-02-2026
CUST0875,Max Dixit,Kolkata,22,Female,Normal,No,15-06-2024
CUST0876,Kashvi Dada,Kolkata,25,Female,Sensitive,No,21-02-2024
CUST0877,Dhriti Nair,Ahmedabad,38,Female,Normal,No,21-01-2025
CUST0878,Anvi Toor,Bangalore,51,Female,Oily,No,09-06-2024
CUST0879,Meghana Raval,Chennai,41,Female,Sensitive,No,24-04-2025
CUST0880,Kashvi Warrior,Bangalore,51,Female,Dry,Yes,26-02-2025
CUST0881,Advika Cherian,Mumbai,55,Female,Normal,No,11-06-2026
CUST0882,Jagrati Karnik,Jaipur,17,Female,Sensitive,No,12-12-2023
CUST0883,Ganga Lalla,Ahmedabad,23,Female,Normal,No,09-08-2026
CUST0884,Shravya Vasa,Hyderabad,17,Female,Normal,Yes,05-01-2024
CUST0885,Chaman Kalla,Jaipur,16,Female,Combination,Yes,17-05-2024
CUST0886,Krisha Bora,Kolkata,17,Female,Dry,Yes,10-06-2025
CUST0887,Anvi Kale,Bangalore,35,Female,Oily,No,30-06-2025
CUST0888,Nidra Oommen,Delhi,25,Female,Oily,No,09-12-2023
CUST0889,Hemani Apte,Pune,18,Female,Normal,No,14-08-2024
CUST0890,Tanvi Bali,Bangalore,54,Female,Combination,Yes,13-12-2023
CUST0891,Falak Vaidya,Delhi,18,Female,Dry,Yes,02-09-2025
CUST0892,Pooja Dey,Bangalore,28,Female,Dry,No,14-04-2024
CUST0893,Noah Bhavsar,Kolkata,36,Female,Combination,No,08-08-2026
CUST0894,Anjali Tank,Mumbai,27,Female,Dry,No,23-03-2025
CUST0895,Bhavya Bhatnagar,Mumbai,44,Female,Oily,No,09-04-2024
CUST0896,Rajeshri Sabharwal,Lucknow,16,Female,Oily,No,18-12-2023
CUST0897,Gautami Tailor,Kolkata,48,Male,Oily,No,27-08-2025
CUST0898,Ekanta Lad,Bangalore,47,Female,Normal,Yes,09-02-2026
CUST0899,Avni Shukla,Jaipur,48,Male,Combination,No,13-02-2026
CUST0900,Urishilla Raju,Lucknow,40,Female,Normal,No,05-02-2026
CUST0901,Zinal D’Alia,Lucknow,55,Female,Normal,Yes,22-11-2023
CUST0902,Jack Khatri,Pune,55,Female,Sensitive,No,08-04-2024
CUST0903,Kashish Tailor,Jaipur,32,Female,Combination,Yes,15-05-2025
CUST0904,Rohan Rana,Ahmedabad,33,Male,Oily,No,03-01-2026
CUST0905,Sachi Ravi,Mumbai,25,Female,Oily,No,16-06-2026
CUST0906,Omkaar Sandhu,Lucknow,48,Female,Oily,Yes,02-01-2026
CUST0907,Netra Suresh,Delhi,40,Female,Oily,No,15-06-2025
CUST0908,Vyanjana Sahota,Hyderabad,21,Female,Combination,Yes,21-11-2024
CUST0909,Vasudha Dhingra,Hyderabad,29,Female,Combination,Yes,02-09-2024
CUST0910,Chakrika Pandya,Jaipur,48,Male,Normal,No,03-11-2024
CUST0911,Anamika Master,Hyderabad,45,Female,Combination,No,02-09-2024
CUST0912,Girik Sathe,Ahmedabad,23,Female,Dry,No,17-11-2024
CUST0913,Dipta Kalita,Lucknow,50,Female,Dry,No,07-09-2025
CUST0914,Raghav Gour,Pune,32,Female,Oily,No,29-10-2024
CUST0915,Forum Patil,Delhi,18,Female,Sensitive,No,07-03-2024
CUST0916,Shravya Morar,Hyderabad,37,Female,Sensitive,Yes,24-02-2025
CUST0917,Gautami Raman,Delhi,27,Female,Combination,No,25-03-2025
CUST0918,Harita Chawla,Pune,46,Male,Dry,Yes,13-06-2026
CUST0919,Jeremiah Pandey,Pune,26,Male,Sensitive,No,31-08-2025
CUST0920,Ekansh Kulkarni,Delhi,40,Female,Normal,Yes,20-08-2025
CUST0921,Yasti Narula,Ahmedabad,36,Female,Normal,Yes,26-12-2024
CUST0922,Radhika Mody,Jaipur,28,Male,Dry,No,15-08-2025
CUST0923,Yutika Bhasin,Chennai,41,Male,Dry,No,04-05-2026
CUST0924,Xiti Patla,Hyderabad,52,Female,Sensitive,No,16-09-2025
CUST0925,Ayush Dani,Chennai,26,Female,Oily,No,26-04-2025
CUST0926,Nachiket Vala,Bangalore,47,Female,Combination,No,17-04-2026
CUST0927,Anika Nanda,Chennai,17,Female,Normal,Yes,05-02-2025
CUST0928,Lopa Dhawan,Chennai,52,Female,Combination,No,28-03-2024
CUST0929,Rohan Ghose,Pune,50,Male,Dry,No,14-11-2025
CUST0930,Kavya Manne,Hyderabad,34,Male,Dry,No,12-12-2025
CUST0931,Ucchal Reddy,Kolkata,16,Female,Oily,Yes,01-08-2025
CUST0932,Xiti Parsa,Delhi,31,Female,Combination,No,15-09-2025
CUST0933,Neel Edwin,Lucknow,16,Female,Normal,Yes,14-02-2026
CUST0934,Arunima Walia,Lucknow,16,Female,Combination,No,14-09-2024
CUST0935,Irya Varty,Bangalore,16,Female,Dry,No,17-01-2026
CUST0936,Gautami Morar,Pune,23,Female,Sensitive,No,05-11-2025
CUST0937,Nimrat Bera,Kolkata,41,Male,Oily,Yes,28-05-2025
CUST0938,Radha Grover,Kolkata,23,Female,Combination,No,27-06-2024
CUST0939,Ira Nagi,Mumbai,17,Male,Normal,No,26-05-2026
CUST0940,Darika Lad,Bangalore,39,Female,Sensitive,Yes,30-09-2024
CUST0941,Reyansh Sodhi,Chennai,32,Female,Dry,Yes,21-06-2024
CUST0942,Varenya Thaker,Lucknow,23,Female,Sensitive,No,18-02-2026
CUST0943,Nisha Basu,Ahmedabad,42,Female,Oily,No,19-02-2024
CUST0944,Tripti Bose,Bangalore,31,Male,Oily,Yes,30-06-2024
CUST0945,Siya Wagle,Pune,21,Female,Sensitive,No,21-01-2026
CUST0946,Leela Sengupta,Mumbai,30,Male,Oily,No,10-12-2025
CUST0947,Zinal Mody,Mumbai,54,Male,Dry,Yes,21-09-2024
CUST0948,Libni Kohli,Chennai,21,Female,Oily,No,11-04-2026
CUST0949,Triveni Choudhry,Jaipur,44,Female,Dry,Yes,28-05-2026
CUST0950,Hema Dalal,Delhi,48,Female,Dry,No,13-12-2025
CUST0951,Panini Ratta,Bangalore,19,Female,Oily,No,02-11-2024
CUST0952,Pushti Grewal,Pune,48,Female,Dry,No,08-10-2025
CUST0953,Zinal Verma,Ahmedabad,21,Female,Normal,Yes,24-11-2024
CUST0954,Ekani Kala,Kolkata,22,Female,Oily,No,05-09-2024
CUST0955,Triveni Bhavsar,Chennai,37,Female,Combination,Yes,26-02-2025
CUST0956,Upma Raval,Kolkata,20,Female,Oily,Yes,25-04-2024
CUST0957,Ekaja Dora,Hyderabad,22,Female,Normal,Yes,04-05-2024
CUST0958,Yamini Dash,Ahmedabad,52,Female,Combination,Yes,24-04-2026
CUST0959,Sai Mani,Ahmedabad,24,Female,Normal,No,28-01-2024
CUST0960,Mahika Bhavsar,Mumbai,27,Female,Oily,No,10-12-2025
CUST0961,Jalsa Kapur,Delhi,23,Female,Dry,Yes,05-08-2024
CUST0962,Chaaya Parsa,Hyderabad,38,Female,Combination,No,05-10-2023
CUST0963,Divya Nair,Bangalore,44,Female,Oily,Yes,30-04-2024
CUST0964,Ekiya Sekhon,Kolkata,31,Female,Dry,No,29-06-2024
CUST0965,Vansha Bali,Delhi,23,Female,Oily,No,23-10-2023
CUST0966,Dayamai Sule,Mumbai,38,Female,Combination,No,07-05-2024
CUST0967,Oni Wali,Jaipur,53,Female,Sensitive,No,08-05-2025
CUST0968,Ishita Manda,Pune,46,Female,Dry,No,20-02-2026
CUST0969,Jasmit Ghose,Lucknow,30,Female,Sensitive,Yes,11-10-2023
CUST0970,Unnati Prasad,Kolkata,54,Female,Sensitive,Yes,17-11-2023
CUST0971,Chanchal Chowdhury,Ahmedabad,39,Female,Dry,No,10-11-2024
CUST0972,Isaiah Bhakta,Jaipur,40,Female,Combination,No,14-01-2026
CUST0973,Ladli Bora,Hyderabad,46,Female,Dry,No,25-07-2025
CUST0974,Tanveer Setty,Hyderabad,45,Female,Combination,No,09-07-2026
CUST0975,Ikshita Om,Pune,43,Female,Combination,No,27-06-2025
CUST0976,Tamanna Gandhi,Hyderabad,51,Female,Combination,No,07-07-2024
CUST0977,Brinda Varty,Lucknow,49,Male,Combination,No,28-09-2023
CUST0978,Indira Lanka,Chennai,46,Female,Dry,No,12-04-2024
CUST0979,Alka Babu,Hyderabad,47,Female,Dry,No,16-11-2023
CUST0980,Turvi Arya,Ahmedabad,34,Female,Combination,Yes,16-02-2026
CUST0981,Raagini Gade,Bangalore,38,Female,Dry,No,05-05-2025
CUST0982,Peter Mohan,Mumbai,43,Female,Dry,No,01-01-2024
CUST0983,Raagini Sama,Delhi,23,Male,Normal,No,25-04-2026
CUST0984,Charan Oza,Hyderabad,17,Female,Dry,No,02-01-2024
CUST0985,Rajata Sinha,Chennai,23,Female,Combination,Yes,09-02-2025
CUST0986,Pahal Nagar,Pune,29,Female,Sensitive,No,30-01-2025
CUST0987,Darika Wable,Pune,31,Female,Sensitive,No,03-05-2025
CUST0988,Henry Pandya,Delhi,18,Female,Sensitive,No,05-06-2024
CUST0989,Inaya Mall,Jaipur,45,Female,Dry,No,13-06-2026
CUST0990,Rehaan Dyal,Chennai,16,Male,Oily,No,22-01-2026
CUST0991,Ekani Devi,Kolkata,31,Female,Dry,No,24-09-2023
CUST0992,Zinal Raghavan,Jaipur,35,Female,Normal,No,10-10-2023
CUST0993,Vedika Bassi,Kolkata,45,Female,Sensitive,Yes,15-04-2024
CUST0994,Ojasvi Nigam,Ahmedabad,51,Male,Dry,No,07-07-2025
CUST0995,Watika Jha,Hyderabad,44,Male,Oily,No,18-09-2023
CUST0996,Peter Raja,Mumbai,20,Female,Oily,Yes,05-04-2026
CUST0997,Edhitha Iyengar,Kolkata,48,Female,Combination,No,22-12-2024
CUST0998,Bahadurjit Bhagat,Bangalore,22,Female,Normal,Yes,16-03-2026
CUST0999,Sudiksha Khatri,Jaipur,29,Female,Normal,No,13-10-2025
CUST1000,Vrishti Dhar,Lucknow,51,Female,Combination,No,15-01-2024
